[
  {
    "dataSrc": "https://ninjapromo.io/wp-content/uploads/2023/02/logo-1.png",
    "src": "https://ninjapromo.io/wp-content/uploads/2023/02/logo-1.png"
  },
  {
    "dataSrc": "https://ninjapromo.io/wp-content/uploads/2023/02/logo-2.png",
    "src": "https://ninjapromo.io/wp-content/uploads/2023/02/logo-2.png"
  },
  {
    "dataSrc": "https://ninjapromo.io/wp-content/uploads/2023/02/logo-3.png",
    "src": "https://ninjapromo.io/wp-content/uploads/2023/02/logo-3.png"
  },
  {
    "dataSrc": "https://ninjapromo.io/wp-content/uploads/2023/02/logo-4.png",
    "src": "https://ninjapromo.io/wp-content/uploads/2023/02/logo-4.png"
  }
]
