[
  {
    "name": "Marc Dane",
    "position": "CEO of CryptoTech Inc.",
    "content": "HypeFarm's exceptional community management expertise exceeded our expectations. They tailored a strategy that nurtured our community, resulting in increased brand loyalty and valuable user feedback. Their dedication and passion for engagement are unmatched. We highly recommend their services."
  },
  {
    "name": "Emily Chen",
    "position": "Founder of Blockchain Solutions Ltd.",
    "content": "HypeFarm's strategic campaigns and industry knowledge were instrumental in our successful ICO launch. Their support, community management, and branding guidance attracted the right investors and global attention. We couldn't have done it without them."
  },
  {
    "name": "Maria Rodriguez",
    "position": "Marketing Manager at DeFi Innovations",
    "content": "HypeFarm is an invaluable partner for our content marketing and SEO needs. Their insightful content and deep understanding of the blockchain space resonate with our audience. Their SEO strategies significantly improved our organic visibility and drove relevant traffic. We trust them to keep us at the forefront."
  },
  {
    "name": "David Thompson",
    "position": "CEO of CryptoCommerce",
    "content": "Choosing HypeFarm for web design and branding was a decision we'll never regret. They delivered a visually stunning and user-friendly website that perfectly represents our brand. Their expertise in Web3 technologies ensured seamless functionality. Their work speaks for itself, and we highly recommend them."
  }
]
